asset_id,in_approved_scope,initial_version,update_result,rollback_result,final_version,user_validation,as_of
LT-001,true,4.2,4.3安裝完成,不適用,4.3,登入及開啟案件通過,2026/10/23 18:55 Asia/Taipei
LT-002,true,4.2,4.3安裝完成,不適用,4.3,登入及開啟案件通過,2026/10/23 18:55 Asia/Taipei
LT-003,true,4.2,4.3安裝完成,不適用,4.3,登入及開啟案件通過,2026/10/23 18:55 Asia/Taipei
LT-004,true,4.2,4.3安裝完成,不適用,4.3,登入及開啟案件通過,2026/10/23 18:55 Asia/Taipei
LT-005,true,4.2,4.3安裝完成,不適用,4.3,登入及開啟案件通過,2026/10/23 18:55 Asia/Taipei
LT-006,true,4.2,4.3安裝完成,不適用,4.3,登入及開啟案件通過,2026/10/23 18:55 Asia/Taipei
LT-007,true,4.2,4.3安裝完成,不適用,4.3,登入及開啟案件通過,2026/10/23 18:55 Asia/Taipei
LT-008,true,4.2,4.3安裝完成,不適用,4.3,登入及開啟案件通過,2026/10/23 18:55 Asia/Taipei
LT-009,true,4.2,4.3安裝完成,已回復4.2,4.2,18:55登入及開啟案件通過,2026/10/23 18:55 Asia/Taipei
LT-010,true,4.2,4.3安裝完成,已回復4.2,4.2,18:55登入及開啟案件通過,2026/10/23 18:55 Asia/Taipei
LT-011,false,4.2,未執行,不適用,4.2,未納入本次測試,2026/10/23 18:55 Asia/Taipei
LT-012,false,4.2,未執行,不適用,4.2,未納入本次測試,2026/10/23 18:55 Asia/Taipei
LT-013,false,4.2,未執行,不適用,4.2,未納入本次測試,2026/10/23 18:55 Asia/Taipei
LT-014,false,4.2,未執行,不適用,4.2,未納入本次測試,2026/10/23 18:55 Asia/Taipei
LT-015,false,4.2,未執行,不適用,4.2,未納入本次測試,2026/10/23 18:55 Asia/Taipei
LT-016,false,4.2,未執行,不適用,4.2,未納入本次測試,2026/10/23 18:55 Asia/Taipei
LT-017,false,4.2,未執行,不適用,4.2,未納入本次測試,2026/10/23 18:55 Asia/Taipei
LT-018,false,4.2,未執行,不適用,4.2,未納入本次測試,2026/10/23 18:55 Asia/Taipei
LT-019,false,4.2,未執行,不適用,4.2,未納入本次測試,2026/10/23 18:55 Asia/Taipei
LT-020,false,4.2,未執行,不適用,4.2,未納入本次測試,2026/10/23 18:55 Asia/Taipei
LT-021,false,4.2,未執行,不適用,4.2,未納入本次測試,2026/10/23 18:55 Asia/Taipei
LT-022,false,4.2,未執行,不適用,4.2,未納入本次測試,2026/10/23 18:55 Asia/Taipei
LT-023,false,4.2,未執行,不適用,4.2,未納入本次測試,2026/10/23 18:55 Asia/Taipei
LT-024,false,4.2,未執行,不適用,4.2,未納入本次測試,2026/10/23 18:55 Asia/Taipei
LT-025,false,4.2,未執行,不適用,4.2,未納入本次測試,2026/10/23 18:55 Asia/Taipei
LT-026,false,4.2,未執行,不適用,4.2,未納入本次測試,2026/10/23 18:55 Asia/Taipei
LT-027,false,4.2,未執行,不適用,4.2,未納入本次測試,2026/10/23 18:55 Asia/Taipei
LT-028,false,4.2,未執行,不適用,4.2,未納入本次測試,2026/10/23 18:55 Asia/Taipei
LT-029,false,4.2,未執行,不適用,4.2,未納入本次測試,2026/10/23 18:55 Asia/Taipei
LT-030,false,4.2,未執行,不適用,4.2,未納入本次測試,2026/10/23 18:55 Asia/Taipei
LT-031,false,4.2,未執行,不適用,4.2,未納入本次測試,2026/10/23 18:55 Asia/Taipei
LT-032,false,4.2,未執行,不適用,4.2,未納入本次測試,2026/10/23 18:55 Asia/Taipei
LT-033,false,4.2,未執行,不適用,4.2,未納入本次測試,2026/10/23 18:55 Asia/Taipei
LT-034,false,4.2,未執行,不適用,4.2,未納入本次測試,2026/10/23 18:55 Asia/Taipei
LT-035,false,4.2,未執行,不適用,4.2,未納入本次測試,2026/10/23 18:55 Asia/Taipei
LT-036,false,4.2,未執行,不適用,4.2,未納入本次測試,2026/10/23 18:55 Asia/Taipei
LT-037,false,4.2,未執行,不適用,4.2,未納入本次測試,2026/10/23 18:55 Asia/Taipei
LT-038,false,4.2,未執行,不適用,4.2,未納入本次測試,2026/10/23 18:55 Asia/Taipei
LT-039,false,4.2,未執行,不適用,4.2,未納入本次測試,2026/10/23 18:55 Asia/Taipei
LT-040,false,4.2,未執行,不適用,4.2,未納入本次測試,2026/10/23 18:55 Asia/Taipei
LT-041,false,4.2,未執行,不適用,4.2,未納入本次測試,2026/10/23 18:55 Asia/Taipei
LT-042,false,4.2,未執行,不適用,4.2,未納入本次測試,2026/10/23 18:55 Asia/Taipei
LT-043,false,4.2,未執行,不適用,4.2,未納入本次測試,2026/10/23 18:55 Asia/Taipei
LT-044,false,4.2,未執行,不適用,4.2,未納入本次測試,2026/10/23 18:55 Asia/Taipei
LT-045,false,4.2,未執行,不適用,4.2,未納入本次測試,2026/10/23 18:55 Asia/Taipei
LT-046,false,4.2,未執行,不適用,4.2,未納入本次測試,2026/10/23 18:55 Asia/Taipei
LT-047,false,4.2,未執行,不適用,4.2,未納入本次測試,2026/10/23 18:55 Asia/Taipei
LT-048,false,4.2,未執行,不適用,4.2,未納入本次測試,2026/10/23 18:55 Asia/Taipei
LT-049,false,4.2,未執行,不適用,4.2,未納入本次測試,2026/10/23 18:55 Asia/Taipei
LT-050,false,4.2,未執行,不適用,4.2,未納入本次測試,2026/10/23 18:55 Asia/Taipei
LT-051,false,4.2,未執行,不適用,4.2,未納入本次測試,2026/10/23 18:55 Asia/Taipei
LT-052,false,4.2,未執行,不適用,4.2,未納入本次測試,2026/10/23 18:55 Asia/Taipei
LT-053,false,4.2,未執行,不適用,4.2,未納入本次測試,2026/10/23 18:55 Asia/Taipei
LT-054,false,4.2,未執行,不適用,4.2,未納入本次測試,2026/10/23 18:55 Asia/Taipei
LT-055,false,4.2,未執行,不適用,4.2,未納入本次測試,2026/10/23 18:55 Asia/Taipei
LT-056,false,4.2,未執行,不適用,4.2,未納入本次測試,2026/10/23 18:55 Asia/Taipei
LT-057,false,4.2,未執行,不適用,4.2,未納入本次測試,2026/10/23 18:55 Asia/Taipei
LT-058,false,4.2,未執行,不適用,4.2,未納入本次測試,2026/10/23 18:55 Asia/Taipei
LT-059,false,4.2,未執行,不適用,4.2,未納入本次測試,2026/10/23 18:55 Asia/Taipei
LT-060,false,4.2,未執行,不適用,4.2,未納入本次測試,2026/10/23 18:55 Asia/Taipei
