sample_id,baseline_period,baseline_hours,pilot_hours,pilot_observation,measurement
T-01,2026-09,15,14,承辦每日一次更新,收到查詢至首次完整回覆；基準與試行為各20筆可比樣本，非同一案件前後配對
T-02,2026-09,17,14,承辦每日一次更新,收到查詢至首次完整回覆；基準與試行為各20筆可比樣本，非同一案件前後配對
T-03,2026-09,18,14,承辦每日一次更新,收到查詢至首次完整回覆；基準與試行為各20筆可比樣本，非同一案件前後配對
T-04,2026-09,20,14,承辦每日一次更新,收到查詢至首次完整回覆；基準與試行為各20筆可比樣本，非同一案件前後配對
T-05,2026-09,20,14,承辦每日一次更新,收到查詢至首次完整回覆；基準與試行為各20筆可比樣本，非同一案件前後配對
T-06,2026-09,15,10,無該阻塞紀錄,收到查詢至首次完整回覆；基準與試行為各20筆可比樣本，非同一案件前後配對
T-07,2026-09,17,10,無該阻塞紀錄,收到查詢至首次完整回覆；基準與試行為各20筆可比樣本，非同一案件前後配對
T-08,2026-09,18,10,無該阻塞紀錄,收到查詢至首次完整回覆；基準與試行為各20筆可比樣本，非同一案件前後配對
T-09,2026-09,20,10,無該阻塞紀錄,收到查詢至首次完整回覆；基準與試行為各20筆可比樣本，非同一案件前後配對
T-10,2026-09,20,10,無該阻塞紀錄,收到查詢至首次完整回覆；基準與試行為各20筆可比樣本，非同一案件前後配對
T-11,2026-09,15,10,無該阻塞紀錄,收到查詢至首次完整回覆；基準與試行為各20筆可比樣本，非同一案件前後配對
T-12,2026-09,17,10,無該阻塞紀錄,收到查詢至首次完整回覆；基準與試行為各20筆可比樣本，非同一案件前後配對
T-13,2026-09,18,10,無該阻塞紀錄,收到查詢至首次完整回覆；基準與試行為各20筆可比樣本，非同一案件前後配對
T-14,2026-09,20,10,無該阻塞紀錄,收到查詢至首次完整回覆；基準與試行為各20筆可比樣本，非同一案件前後配對
T-15,2026-09,20,10,無該阻塞紀錄,收到查詢至首次完整回覆；基準與試行為各20筆可比樣本，非同一案件前後配對
T-16,2026-09,15,10,無該阻塞紀錄,收到查詢至首次完整回覆；基準與試行為各20筆可比樣本，非同一案件前後配對
T-17,2026-09,17,10,無該阻塞紀錄,收到查詢至首次完整回覆；基準與試行為各20筆可比樣本，非同一案件前後配對
T-18,2026-09,18,10,無該阻塞紀錄,收到查詢至首次完整回覆；基準與試行為各20筆可比樣本，非同一案件前後配對
T-19,2026-09,20,10,無該阻塞紀錄,收到查詢至首次完整回覆；基準與試行為各20筆可比樣本，非同一案件前後配對
T-20,2026-09,20,10,無該阻塞紀錄,收到查詢至首次完整回覆；基準與試行為各20筆可比樣本，非同一案件前後配對
