row_id,participant_id,attended,consultation_requested,contact_consent,need,handoff_accepted,source_as_of
R-001,P-001,true,false,not_given,,,2026/10/23 17:00 Asia/Taipei
R-002,P-002,true,false,not_given,,,2026/10/23 17:00 Asia/Taipei
R-003,P-003,true,true,yes,設備合規,林怡君 2026/10/23,2026/10/23 17:00 Asia/Taipei
R-004,P-004,true,false,not_given,,,2026/10/23 17:00 Asia/Taipei
R-005,P-005,true,false,not_given,,,2026/10/23 17:00 Asia/Taipei
R-006,P-006,true,false,not_given,,,2026/10/23 17:00 Asia/Taipei
R-007,P-007,true,false,not_given,,,2026/10/23 17:00 Asia/Taipei
R-008,P-008,true,true,yes,更新管理,林怡君 2026/10/23,2026/10/23 17:00 Asia/Taipei
R-009,P-009,true,false,not_given,,,2026/10/23 17:00 Asia/Taipei
R-010,P-010,true,false,not_given,,,2026/10/23 17:00 Asia/Taipei
R-011,P-011,true,false,not_given,,,2026/10/23 17:00 Asia/Taipei
R-012,P-012,true,false,not_given,,,2026/10/23 17:00 Asia/Taipei
R-013,P-013,true,false,not_given,,,2026/10/23 17:00 Asia/Taipei
R-014,P-014,true,true,yes,導入盤點,林怡君 2026/10/23,2026/10/23 17:00 Asia/Taipei
R-015,P-015,true,false,not_given,,,2026/10/23 17:00 Asia/Taipei
R-016,P-016,true,false,not_given,,,2026/10/23 17:00 Asia/Taipei
R-017,P-017,true,false,not_given,,,2026/10/23 17:00 Asia/Taipei
R-018,P-018,true,false,not_given,,,2026/10/23 17:00 Asia/Taipei
R-019,P-019,true,false,not_given,,,2026/10/23 17:00 Asia/Taipei
R-020,P-020,true,false,not_given,,,2026/10/23 17:00 Asia/Taipei
R-021,P-021,true,true,missing,未提供,,2026/10/23 17:00 Asia/Taipei
R-022,P-022,true,false,not_given,,,2026/10/23 17:00 Asia/Taipei
R-023,P-023,true,false,not_given,,,2026/10/23 17:00 Asia/Taipei
R-024,P-024,true,false,not_given,,,2026/10/23 17:00 Asia/Taipei
R-025,P-025,true,false,not_given,,,2026/10/23 17:00 Asia/Taipei
R-026,P-026,true,false,not_given,,,2026/10/23 17:00 Asia/Taipei
R-027,P-027,true,false,not_given,,,2026/10/23 17:00 Asia/Taipei
R-028,P-028,true,false,not_given,,,2026/10/23 17:00 Asia/Taipei
R-029,P-029,true,false,not_given,,,2026/10/23 17:00 Asia/Taipei
R-030,P-030,false,false,not_given,,,2026/10/23 17:00 Asia/Taipei
R-031,P-031,false,false,not_given,,,2026/10/23 17:00 Asia/Taipei
R-032,P-032,true,true,missing,未提供,,2026/10/23 17:00 Asia/Taipei
R-033,P-033,false,false,not_given,,,2026/10/23 17:00 Asia/Taipei
R-034,P-034,false,false,not_given,,,2026/10/23 17:00 Asia/Taipei
R-035,P-035,false,false,not_given,,,2026/10/23 17:00 Asia/Taipei
R-036,P-036,false,false,not_given,,,2026/10/23 17:00 Asia/Taipei
R-037,P-011,true,false,not_given,,,2026/10/23 17:00 Asia/Taipei
R-038,P-038,false,false,not_given,,,2026/10/23 17:00 Asia/Taipei
R-039,P-039,false,false,not_given,,,2026/10/23 17:00 Asia/Taipei
R-040,P-040,false,false,not_given,,,2026/10/23 17:00 Asia/Taipei
R-041,P-019,true,false,not_given,,,2026/10/23 17:00 Asia/Taipei
R-042,P-042,false,false,not_given,,,2026/10/23 17:00 Asia/Taipei
R-043,P-043,false,false,not_given,,,2026/10/23 17:00 Asia/Taipei
R-044,P-044,false,false,not_given,,,2026/10/23 17:00 Asia/Taipei
R-045,P-045,false,false,not_given,,,2026/10/23 17:00 Asia/Taipei
R-046,P-046,false,false,not_given,,,2026/10/23 17:00 Asia/Taipei
R-047,P-047,false,false,not_given,,,2026/10/23 17:00 Asia/Taipei
R-048,P-048,false,false,not_given,,,2026/10/23 17:00 Asia/Taipei
