資產ID,安裝完成時間,安裝後版本,登入測試,開啟案件測試,錯誤碼,測試時間,執行人
LT-001,2026/10/22 18:01,4.3,通過,通過,,2026/10/22 18:20,王明哲
LT-002,2026/10/22 18:02,4.3,通過,通過,,2026/10/22 18:20,王明哲
LT-003,2026/10/22 18:03,4.3,通過,通過,,2026/10/22 18:20,王明哲
LT-004,2026/10/22 18:04,4.3,通過,通過,,2026/10/22 18:20,王明哲
LT-005,2026/10/22 18:05,4.3,通過,通過,,2026/10/22 18:20,王明哲
LT-006,2026/10/22 18:06,4.3,通過,通過,,2026/10/22 18:20,王明哲
LT-007,2026/10/22 18:07,4.3,通過,通過,,2026/10/22 18:20,王明哲
LT-008,2026/10/22 18:08,4.3,通過,通過,,2026/10/22 18:20,王明哲
LT-009,2026/10/22 18:09,4.3,失敗,未能執行,E-401,2026/10/22 18:20,王明哲
LT-010,2026/10/22 18:10,4.3,失敗,未能執行,E-401,2026/10/22 18:20,王明哲
