資產ID,原版本,目前版本,本次動作,登入,開啟案件,最後驗證時間,驗證人
LT-001,4.2,4.3,更新,通過,通過,2026/10/22 18:20,林怡君
LT-002,4.2,4.3,更新,通過,通過,2026/10/22 18:20,林怡君
LT-003,4.2,4.3,更新,通過,通過,2026/10/22 18:20,林怡君
LT-004,4.2,4.3,更新,通過,通過,2026/10/22 18:20,林怡君
LT-005,4.2,4.3,更新,通過,通過,2026/10/22 18:20,林怡君
LT-006,4.2,4.3,更新,通過,通過,2026/10/22 18:20,林怡君
LT-007,4.2,4.3,更新,通過,通過,2026/10/22 18:20,林怡君
LT-008,4.2,4.3,更新,通過,通過,2026/10/22 18:20,林怡君
LT-009,4.2,4.2,回復,通過,通過,2026/10/22 18:55,林怡君
LT-010,4.2,4.2,回復,通過,通過,2026/10/22 18:55,林怡君
LT-011,4.2,4.2,未執行,未測試,未測試,,
LT-012,4.2,4.2,未執行,未測試,未測試,,
LT-013,4.2,4.2,未執行,未測試,未測試,,
LT-014,4.2,4.2,未執行,未測試,未測試,,
LT-015,4.2,4.2,未執行,未測試,未測試,,
LT-016,4.2,4.2,未執行,未測試,未測試,,
LT-017,4.2,4.2,未執行,未測試,未測試,,
LT-018,4.2,4.2,未執行,未測試,未測試,,
LT-019,4.2,4.2,未執行,未測試,未測試,,
LT-020,4.2,4.2,未執行,未測試,未測試,,
LT-021,4.2,4.2,未執行,未測試,未測試,,
LT-022,4.2,4.2,未執行,未測試,未測試,,
LT-023,4.2,4.2,未執行,未測試,未測試,,
LT-024,4.2,4.2,未執行,未測試,未測試,,
LT-025,4.2,4.2,未執行,未測試,未測試,,
LT-026,4.2,4.2,未執行,未測試,未測試,,
LT-027,4.2,4.2,未執行,未測試,未測試,,
LT-028,4.2,4.2,未執行,未測試,未測試,,
LT-029,4.2,4.2,未執行,未測試,未測試,,
LT-030,4.2,4.2,未執行,未測試,未測試,,
LT-031,4.2,4.2,未執行,未測試,未測試,,
LT-032,4.2,4.2,未執行,未測試,未測試,,
LT-033,4.2,4.2,未執行,未測試,未測試,,
LT-034,4.2,4.2,未執行,未測試,未測試,,
LT-035,4.2,4.2,未執行,未測試,未測試,,
LT-036,4.2,4.2,未執行,未測試,未測試,,
LT-037,4.2,4.2,未執行,未測試,未測試,,
LT-038,4.2,4.2,未執行,未測試,未測試,,
LT-039,4.2,4.2,未執行,未測試,未測試,,
LT-040,4.2,4.2,未執行,未測試,未測試,,
LT-041,4.2,4.2,未執行,未測試,未測試,,
LT-042,4.2,4.2,未執行,未測試,未測試,,
LT-043,4.2,4.2,未執行,未測試,未測試,,
LT-044,4.2,4.2,未執行,未測試,未測試,,
LT-045,4.2,4.2,未執行,未測試,未測試,,
LT-046,4.2,4.2,未執行,未測試,未測試,,
LT-047,4.2,4.2,未執行,未測試,未測試,,
LT-048,4.2,4.2,未執行,未測試,未測試,,
LT-049,4.2,4.2,未執行,未測試,未測試,,
LT-050,4.2,4.2,未執行,未測試,未測試,,
LT-051,4.2,4.2,未執行,未測試,未測試,,
LT-052,4.2,4.2,未執行,未測試,未測試,,
LT-053,4.2,4.2,未執行,未測試,未測試,,
LT-054,4.2,4.2,未執行,未測試,未測試,,
LT-055,4.2,4.2,未執行,未測試,未測試,,
LT-056,4.2,4.2,未執行,未測試,未測試,,
LT-057,4.2,4.2,未執行,未測試,未測試,,
LT-058,4.2,4.2,未執行,未測試,未測試,,
LT-059,4.2,4.2,未執行,未測試,未測試,,
LT-060,4.2,4.2,未執行,未測試,未測試,,
