查詢ID,樣本批次,收到查詢_台北時間,首次完整回覆_台北時間,完整回覆判定,承辦等待紀錄
PILOT-001,pilot,2026/10/20 08:00,2026/10/20 14:00,已包含狀態、承辦及下一步,一般處理
PILOT-002,pilot,2026/10/20 13:00,2026/10/20 20:00,已包含狀態、承辦及下一步,一般處理
PILOT-003,pilot,2026/10/20 18:00,2026/10/21 02:00,已包含狀態、承辦及下一步,一般處理
PILOT-004,pilot,2026/10/20 23:00,2026/10/21 08:00,已包含狀態、承辦及下一步,一般處理
PILOT-005,pilot,2026/10/21 04:00,2026/10/21 14:00,已包含狀態、承辦及下一步,一般處理
PILOT-006,pilot,2026/10/21 09:00,2026/10/21 20:00,已包含狀態、承辦及下一步,一般處理
PILOT-007,pilot,2026/10/21 14:00,2026/10/22 02:00,已包含狀態、承辦及下一步,等每日一次更新
PILOT-008,pilot,2026/10/21 19:00,2026/10/22 08:00,已包含狀態、承辦及下一步,一般處理
PILOT-009,pilot,2026/10/22 00:00,2026/10/22 16:00,已包含狀態、承辦及下一步,等每日一次更新
PILOT-010,pilot,2026/10/22 05:00,2026/10/22 23:00,已包含狀態、承辦及下一步,等每日一次更新
PILOT-011,pilot,2026/10/22 10:00,2026/10/22 16:00,已包含狀態、承辦及下一步,一般處理
PILOT-012,pilot,2026/10/22 15:00,2026/10/22 22:00,已包含狀態、承辦及下一步,一般處理
PILOT-013,pilot,2026/10/22 20:00,2026/10/23 04:00,已包含狀態、承辦及下一步,一般處理
PILOT-014,pilot,2026/10/23 01:00,2026/10/23 10:00,已包含狀態、承辦及下一步,一般處理
PILOT-015,pilot,2026/10/23 06:00,2026/10/23 16:00,已包含狀態、承辦及下一步,一般處理
PILOT-016,pilot,2026/10/23 11:00,2026/10/23 22:00,已包含狀態、承辦及下一步,一般處理
PILOT-017,pilot,2026/10/23 16:00,2026/10/24 04:00,已包含狀態、承辦及下一步,一般處理
PILOT-018,pilot,2026/10/23 21:00,2026/10/24 10:00,已包含狀態、承辦及下一步,一般處理
PILOT-019,pilot,2026/10/24 02:00,2026/10/24 18:00,已包含狀態、承辦及下一步,等每日一次更新
PILOT-020,pilot,2026/10/24 07:00,2026/10/25 01:00,已包含狀態、承辦及下一步,等每日一次更新
