法人,期間,來源版本,分錄列ID,過帳日期,科目,部門,供應商,摘要,支持文件ID,幣別,借方未稅金額,貸方未稅金額,狀態
遠景精密,2026/09,GL-09 v1,GL09-001,2026/09/01,外包費,製造一課,辰星技術,例行服務第01批,BASE-001,TWD,8000,0,已過帳
遠景精密,2026/09,GL-09 v1,GL09-002,2026/09/02,外包費,製造二課,辰星技術,例行服務第02批,BASE-002,TWD,12000,0,已過帳
遠景精密,2026/09,GL-09 v1,GL09-003,2026/09/03,外包費,工程課,辰星技術,例行服務第03批,BASE-003,TWD,18000,0,已過帳
遠景精密,2026/09,GL-09 v1,GL09-004,2026/09/04,外包費,品質課,辰星技術,例行服務第04批,BASE-004,TWD,22000,0,已過帳
遠景精密,2026/09,GL-09 v1,GL09-005,2026/09/05,外包費,製造一課,辰星技術,例行服務第05批,BASE-005,TWD,10000,0,已過帳
遠景精密,2026/09,GL-09 v1,GL09-006,2026/09/06,外包費,製造二課,辰星技術,例行服務第06批,BASE-006,TWD,14000,0,已過帳
遠景精密,2026/09,GL-09 v1,GL09-007,2026/09/07,外包費,工程課,辰星技術,例行服務第07批,BASE-007,TWD,16000,0,已過帳
遠景精密,2026/09,GL-09 v1,GL09-008,2026/09/08,外包費,品質課,辰星技術,例行服務第08批,BASE-008,TWD,20000,0,已過帳
遠景精密,2026/09,GL-09 v1,GL09-009,2026/09/09,外包費,製造一課,辰星技術,例行服務第09批,BASE-009,TWD,9000,0,已過帳
遠景精密,2026/09,GL-09 v1,GL09-010,2026/09/10,外包費,製造二課,辰星技術,例行服務第10批,BASE-010,TWD,21000,0,已過帳
遠景精密,2026/09,GL-09 v1,GL09-011,2026/09/11,外包費,工程課,辰星技術,例行服務第11批,BASE-011,TWD,8000,0,已過帳
遠景精密,2026/09,GL-09 v1,GL09-012,2026/09/12,外包費,品質課,辰星技術,例行服務第12批,BASE-012,TWD,12000,0,已過帳
遠景精密,2026/09,GL-09 v1,GL09-013,2026/09/13,外包費,製造一課,辰星技術,例行服務第13批,BASE-013,TWD,18000,0,已過帳
遠景精密,2026/09,GL-09 v1,GL09-014,2026/09/14,外包費,製造二課,辰星技術,例行服務第14批,BASE-014,TWD,22000,0,已過帳
遠景精密,2026/09,GL-09 v1,GL09-015,2026/09/15,外包費,工程課,辰星技術,例行服務第15批,BASE-015,TWD,10000,0,已過帳
遠景精密,2026/09,GL-09 v1,GL09-016,2026/09/16,外包費,品質課,辰星技術,例行服務第16批,BASE-016,TWD,14000,0,已過帳
遠景精密,2026/09,GL-09 v1,GL09-017,2026/09/17,外包費,製造一課,辰星技術,例行服務第17批,BASE-017,TWD,16000,0,已過帳
遠景精密,2026/09,GL-09 v1,GL09-018,2026/09/18,外包費,製造二課,辰星技術,例行服務第18批,BASE-018,TWD,20000,0,已過帳
遠景精密,2026/09,GL-09 v1,GL09-019,2026/09/19,外包費,工程課,辰星技術,例行服務第19批,BASE-019,TWD,9000,0,已過帳
遠景精密,2026/09,GL-09 v1,GL09-020,2026/09/20,外包費,品質課,辰星技術,例行服務第20批,BASE-020,TWD,21000,0,已過帳
遠景精密,2026/09,GL-09 v1,GL09-021,2026/09/21,設備保養費,製造一課,遠誠維護,例行服務第01批,BASE-021,TWD,8000,0,已過帳
遠景精密,2026/09,GL-09 v1,GL09-022,2026/09/22,設備保養費,製造二課,遠誠維護,例行服務第02批,BASE-022,TWD,12000,0,已過帳
遠景精密,2026/09,GL-09 v1,GL09-023,2026/09/23,設備保養費,工程課,遠誠維護,例行服務第03批,BASE-023,TWD,18000,0,已過帳
遠景精密,2026/09,GL-09 v1,GL09-024,2026/09/24,設備保養費,品質課,遠誠維護,例行服務第04批,BASE-024,TWD,22000,0,已過帳
遠景精密,2026/09,GL-09 v1,GL09-025,2026/09/25,設備保養費,製造一課,遠誠維護,例行服務第05批,BASE-025,TWD,10000,0,已過帳
遠景精密,2026/09,GL-09 v1,GL09-026,2026/09/26,設備保養費,製造二課,遠誠維護,例行服務第06批,BASE-026,TWD,14000,0,已過帳
遠景精密,2026/09,GL-09 v1,GL09-027,2026/09/27,設備保養費,工程課,遠誠維護,例行服務第07批,BASE-027,TWD,16000,0,已過帳
遠景精密,2026/09,GL-09 v1,GL09-028,2026/09/01,設備保養費,品質課,遠誠維護,例行服務第08批,BASE-028,TWD,20000,0,已過帳
遠景精密,2026/09,GL-09 v1,GL09-029,2026/09/02,設備保養費,製造一課,遠誠維護,例行服務第09批,BASE-029,TWD,9000,0,已過帳
遠景精密,2026/09,GL-09 v1,GL09-030,2026/09/03,設備保養費,製造二課,遠誠維護,例行服務第10批,BASE-030,TWD,21000,0,已過帳
遠景精密,2026/09,GL-09 v1,GL09-031,2026/09/04,設備保養費,工程課,遠誠維護,例行服務第11批,BASE-031,TWD,8000,0,已過帳
遠景精密,2026/09,GL-09 v1,GL09-032,2026/09/05,設備保養費,品質課,遠誠維護,例行服務第12批,BASE-032,TWD,12000,0,已過帳
遠景精密,2026/09,GL-09 v1,GL09-033,2026/09/06,設備保養費,製造一課,遠誠維護,例行服務第13批,BASE-033,TWD,18000,0,已過帳
遠景精密,2026/09,GL-09 v1,GL09-034,2026/09/07,設備保養費,製造二課,遠誠維護,例行服務第14批,BASE-034,TWD,22000,0,已過帳
遠景精密,2026/09,GL-09 v1,GL09-035,2026/09/08,設備保養費,工程課,遠誠維護,例行服務第15批,BASE-035,TWD,10000,0,已過帳
遠景精密,2026/09,GL-09 v1,GL09-036,2026/09/09,設備保養費,品質課,遠誠維護,例行服務第16批,BASE-036,TWD,14000,0,已過帳
遠景精密,2026/09,GL-09 v1,GL09-037,2026/09/10,設備保養費,製造一課,遠誠維護,例行服務第17批,BASE-037,TWD,16000,0,已過帳
遠景精密,2026/09,GL-09 v1,GL09-038,2026/09/11,設備保養費,製造二課,遠誠維護,例行服務第18批,BASE-038,TWD,20000,0,已過帳
遠景精密,2026/09,GL-09 v1,GL09-039,2026/09/12,設備保養費,工程課,遠誠維護,例行服務第19批,BASE-039,TWD,9000,0,已過帳
遠景精密,2026/09,GL-09 v1,GL09-040,2026/09/13,設備保養費,品質課,遠誠維護,例行服務第20批,BASE-040,TWD,21000,0,已過帳
遠景精密,2026/09,GL-09 v1,GL09-041,2026/09/30,外包費,製造一課,辰星技術,服務驗收入帳,PO-0923,TWD,40000,0,已過帳
遠景精密,2026/09,GL-09 v1,GL09-042,2026/09/30,設備保養費,製造二課,遠誠維護,服務驗收入帳,SV-0930,TWD,20000,0,已過帳
