資產ID,部門,使用者代碼,目前應用版本,本次核准,核准單,備份路徑代碼,17時備份可讀
LT-001,採購,USER-001,4.2,是,CHG-26022,BKP-LT-001,是
LT-002,採購,USER-002,4.2,是,CHG-26022,BKP-LT-002,是
LT-003,採購,USER-003,4.2,是,CHG-26022,BKP-LT-003,是
LT-004,採購,USER-004,4.2,是,CHG-26022,BKP-LT-004,是
LT-005,採購,USER-005,4.2,是,CHG-26022,BKP-LT-005,是
LT-006,採購,USER-006,4.2,是,CHG-26022,BKP-LT-006,是
LT-007,採購,USER-007,4.2,是,CHG-26022,BKP-LT-007,是
LT-008,採購,USER-008,4.2,是,CHG-26022,BKP-LT-008,是
LT-009,採購,USER-009,4.2,是,CHG-26022,BKP-LT-009,是
LT-010,採購,USER-010,4.2,是,CHG-26022,BKP-LT-010,是
LT-011,採購,USER-011,4.2,否,,,未檢查
LT-012,採購,USER-012,4.2,否,,,未檢查
LT-013,採購,USER-013,4.2,否,,,未檢查
LT-014,採購,USER-014,4.2,否,,,未檢查
LT-015,採購,USER-015,4.2,否,,,未檢查
LT-016,採購,USER-016,4.2,否,,,未檢查
LT-017,採購,USER-017,4.2,否,,,未檢查
LT-018,採購,USER-018,4.2,否,,,未檢查
LT-019,採購,USER-019,4.2,否,,,未檢查
LT-020,採購,USER-020,4.2,否,,,未檢查
LT-021,製造,USER-021,4.2,否,,,未檢查
LT-022,製造,USER-022,4.2,否,,,未檢查
LT-023,製造,USER-023,4.2,否,,,未檢查
LT-024,製造,USER-024,4.2,否,,,未檢查
LT-025,製造,USER-025,4.2,否,,,未檢查
LT-026,製造,USER-026,4.2,否,,,未檢查
LT-027,製造,USER-027,4.2,否,,,未檢查
LT-028,製造,USER-028,4.2,否,,,未檢查
LT-029,製造,USER-029,4.2,否,,,未檢查
LT-030,製造,USER-030,4.2,否,,,未檢查
LT-031,製造,USER-031,4.2,否,,,未檢查
LT-032,製造,USER-032,4.2,否,,,未檢查
LT-033,製造,USER-033,4.2,否,,,未檢查
LT-034,製造,USER-034,4.2,否,,,未檢查
LT-035,製造,USER-035,4.2,否,,,未檢查
LT-036,製造,USER-036,4.2,否,,,未檢查
LT-037,製造,USER-037,4.2,否,,,未檢查
LT-038,製造,USER-038,4.2,否,,,未檢查
LT-039,製造,USER-039,4.2,否,,,未檢查
LT-040,製造,USER-040,4.2,否,,,未檢查
LT-041,製造,USER-041,4.2,否,,,未檢查
LT-042,製造,USER-042,4.2,否,,,未檢查
LT-043,製造,USER-043,4.2,否,,,未檢查
LT-044,製造,USER-044,4.2,否,,,未檢查
LT-045,製造,USER-045,4.2,否,,,未檢查
LT-046,製造,USER-046,4.2,否,,,未檢查
LT-047,製造,USER-047,4.2,否,,,未檢查
LT-048,製造,USER-048,4.2,否,,,未檢查
LT-049,製造,USER-049,4.2,否,,,未檢查
LT-050,製造,USER-050,4.2,否,,,未檢查
LT-051,製造,USER-051,4.2,否,,,未檢查
LT-052,製造,USER-052,4.2,否,,,未檢查
LT-053,製造,USER-053,4.2,否,,,未檢查
LT-054,製造,USER-054,4.2,否,,,未檢查
LT-055,製造,USER-055,4.2,否,,,未檢查
LT-056,製造,USER-056,4.2,否,,,未檢查
LT-057,製造,USER-057,4.2,否,,,未檢查
LT-058,製造,USER-058,4.2,否,,,未檢查
LT-059,製造,USER-059,4.2,否,,,未檢查
LT-060,製造,USER-060,4.2,否,,,未檢查
