工作階段ID,參與者識別碼,日期,加入時間,離開時間,角色
JOIN-001,P-001,2026/10/22,14:01:00,14:46:00,參與者
JOIN-002,P-002,2026/10/22,14:02:00,14:47:00,參與者
JOIN-003,P-003,2026/10/22,14:03:00,14:48:00,參與者
JOIN-004,P-004,2026/10/22,14:04:00,14:49:00,參與者
JOIN-005,P-005,2026/10/22,14:05:00,14:50:00,參與者
JOIN-006,P-006,2026/10/22,14:06:00,14:51:00,參與者
JOIN-007,P-007,2026/10/22,14:07:00,14:52:00,參與者
JOIN-008,P-008,2026/10/22,14:00:00,14:53:00,參與者
JOIN-009,P-009,2026/10/22,14:01:00,14:54:00,參與者
JOIN-010,P-010,2026/10/22,14:02:00,14:55:00,參與者
JOIN-011,P-011,2026/10/22,14:03:00,14:56:00,參與者
JOIN-012,P-012,2026/10/22,14:04:00,14:57:00,參與者
JOIN-013,P-013,2026/10/22,14:05:00,14:58:00,參與者
JOIN-014,P-014,2026/10/22,14:06:00,14:59:00,參與者
JOIN-015,P-015,2026/10/22,14:07:00,14:45:00,參與者
JOIN-016,P-016,2026/10/22,14:00:00,14:46:00,參與者
JOIN-017,P-017,2026/10/22,14:01:00,14:47:00,參與者
JOIN-018,P-018,2026/10/22,14:02:00,14:48:00,參與者
JOIN-019,P-019,2026/10/22,14:03:00,14:49:00,參與者
JOIN-020,P-020,2026/10/22,14:04:00,14:50:00,參與者
JOIN-021,P-021,2026/10/22,14:05:00,14:51:00,參與者
JOIN-022,P-022,2026/10/22,14:06:00,14:52:00,參與者
JOIN-023,P-023,2026/10/22,14:07:00,14:53:00,參與者
JOIN-024,P-024,2026/10/22,14:00:00,14:54:00,參與者
JOIN-025,P-025,2026/10/22,14:01:00,14:55:00,參與者
JOIN-026,P-026,2026/10/22,14:02:00,14:56:00,參與者
JOIN-027,P-027,2026/10/22,14:03:00,14:57:00,參與者
JOIN-028,P-028,2026/10/22,14:04:00,14:58:00,參與者
JOIN-029,P-029,2026/10/22,14:05:00,14:59:00,參與者
JOIN-030,P-030,2026/10/22,14:06:00,14:45:00,參與者
JOIN-031,P-003,2026/10/22,14:59:00,15:00:00,參與者
JOIN-032,P-008,2026/10/22,14:59:00,15:00:00,參與者
JOIN-033,P-014,2026/10/22,14:59:00,15:00:00,參與者
