報名列ID,參與者識別碼,姓名,公司,職稱,電子郵件,提交時間,活動通知用途,後續行銷同意
R-001,P-001,陳宇辰,星岳製造,IT主管,person001@example.invalid,2026/10/14 10:15,同意活動通知,未選取
R-002,P-002,林宇辰,昇瑞製造,IT主管,person002@example.invalid,2026/10/15 11:15,同意活動通知,未選取
R-003,P-003,黃宇辰,禾境製造,資訊專員,person003@example.invalid,2026/10/16 12:15,同意活動通知,未選取
R-004,P-004,張宇辰,安禾製造,IT主管,person004@example.invalid,2026/10/17 13:15,同意活動通知,同意
R-005,P-005,李宇辰,星岳製造,IT主管,person005@example.invalid,2026/10/18 14:15,同意活動通知,未選取
R-006,P-006,王宇辰,昇瑞製造,資訊專員,person006@example.invalid,2026/10/19 15:15,同意活動通知,未選取
R-007,P-007,吳宇辰,禾境製造,IT主管,person007@example.invalid,2026/10/13 16:15,同意活動通知,未選取
R-008,P-008,劉宇辰,安禾製造,IT主管,person008@example.invalid,2026/10/14 09:15,同意活動通知,同意
R-009,P-009,蔡宇辰,星岳製造,資訊專員,person009@example.invalid,2026/10/15 10:15,同意活動通知,未選取
R-010,P-010,楊宇辰,昇瑞製造,IT主管,person010@example.invalid,2026/10/16 11:15,同意活動通知,未選取
R-011,P-011,陳品妤,禾境製造,IT主管,person011@example.invalid,2026/10/17 12:15,同意活動通知,未選取
R-012,P-012,林品妤,安禾製造,資訊專員,person012@example.invalid,2026/10/18 13:15,同意活動通知,同意
R-013,P-013,黃品妤,星岳製造,IT主管,person013@example.invalid,2026/10/19 14:15,同意活動通知,未選取
R-014,P-014,張品妤,昇瑞製造,IT主管,person014@example.invalid,2026/10/13 15:15,同意活動通知,未選取
R-015,P-015,李品妤,禾境製造,資訊專員,person015@example.invalid,2026/10/14 16:15,同意活動通知,未選取
R-016,P-016,王品妤,安禾製造,IT主管,person016@example.invalid,2026/10/15 09:15,同意活動通知,同意
R-017,P-017,吳品妤,星岳製造,IT主管,person017@example.invalid,2026/10/16 10:15,同意活動通知,未選取
R-018,P-018,劉品妤,昇瑞製造,資訊專員,person018@example.invalid,2026/10/17 11:15,同意活動通知,未選取
R-019,P-019,蔡品妤,禾境製造,IT主管,person019@example.invalid,2026/10/18 12:15,同意活動通知,未選取
R-020,P-020,楊品妤,安禾製造,IT主管,person020@example.invalid,2026/10/19 13:15,同意活動通知,同意
R-021,P-021,陳柏翰,星岳製造,資訊專員,person021@example.invalid,2026/10/13 14:15,同意活動通知,未選取
R-022,P-022,林柏翰,昇瑞製造,IT主管,person022@example.invalid,2026/10/14 15:15,同意活動通知,未選取
R-023,P-023,黃柏翰,禾境製造,IT主管,person023@example.invalid,2026/10/15 16:15,同意活動通知,未選取
R-024,P-024,張柏翰,安禾製造,資訊專員,person024@example.invalid,2026/10/16 09:15,同意活動通知,同意
R-025,P-025,李柏翰,星岳製造,IT主管,person025@example.invalid,2026/10/17 10:15,同意活動通知,未選取
R-026,P-026,王柏翰,昇瑞製造,IT主管,person026@example.invalid,2026/10/18 11:15,同意活動通知,未選取
R-027,P-027,吳柏翰,禾境製造,資訊專員,person027@example.invalid,2026/10/19 12:15,同意活動通知,未選取
R-028,P-028,劉柏翰,安禾製造,IT主管,person028@example.invalid,2026/10/13 13:15,同意活動通知,同意
R-029,P-029,蔡柏翰,星岳製造,IT主管,person029@example.invalid,2026/10/14 14:15,同意活動通知,未選取
R-030,P-030,楊柏翰,昇瑞製造,資訊專員,person030@example.invalid,2026/10/15 15:15,同意活動通知,未選取
R-031,P-031,陳雅婷,禾境製造,IT主管,person031@example.invalid,2026/10/16 16:15,同意活動通知,未選取
R-032,P-032,林雅婷,安禾製造,IT主管,person032@example.invalid,2026/10/17 09:15,同意活動通知,同意
R-033,P-033,黃雅婷,星岳製造,資訊專員,person033@example.invalid,2026/10/18 10:15,同意活動通知,未選取
R-034,P-034,張雅婷,昇瑞製造,IT主管,person034@example.invalid,2026/10/19 11:15,同意活動通知,未選取
R-035,P-035,李雅婷,禾境製造,IT主管,person035@example.invalid,2026/10/13 12:15,同意活動通知,未選取
R-036,P-036,王雅婷,安禾製造,資訊專員,person036@example.invalid,2026/10/14 13:15,同意活動通知,同意
R-037,P-011,陳品妤,禾境製造,IT主管,person011@example.invalid,2026/10/15 14:15,同意活動通知,未選取
R-038,P-038,劉雅婷,昇瑞製造,IT主管,person038@example.invalid,2026/10/16 15:15,同意活動通知,未選取
R-039,P-039,蔡雅婷,禾境製造,資訊專員,person039@example.invalid,2026/10/17 16:15,同意活動通知,未選取
R-040,P-040,楊雅婷,安禾製造,IT主管,person040@example.invalid,2026/10/18 09:15,同意活動通知,同意
R-041,P-019,蔡品妤,禾境製造,IT主管,person019@example.invalid,2026/10/19 10:15,同意活動通知,未選取
R-042,P-042,林冠宇,昇瑞製造,資訊專員,person042@example.invalid,2026/10/13 11:15,同意活動通知,未選取
R-043,P-043,黃冠宇,禾境製造,IT主管,person043@example.invalid,2026/10/14 12:15,同意活動通知,未選取
R-044,P-044,張冠宇,安禾製造,IT主管,person044@example.invalid,2026/10/15 13:15,同意活動通知,同意
R-045,P-045,李冠宇,星岳製造,資訊專員,person045@example.invalid,2026/10/16 14:15,同意活動通知,未選取
R-046,P-046,王冠宇,昇瑞製造,IT主管,person046@example.invalid,2026/10/17 15:15,同意活動通知,未選取
R-047,P-047,吳冠宇,禾境製造,IT主管,person047@example.invalid,2026/10/18 16:15,同意活動通知,未選取
R-048,P-048,劉冠宇,安禾製造,資訊專員,person048@example.invalid,2026/10/19 09:15,同意活動通知,同意
